"","Algebra","Geometry","Informatics","History","Geography","Economy","Biology","Physics","Chemistry","Social Studies","Russian","Literature","PhysEd","Crafts","Music","Art","English","Region","Salary"
"1",92,56,81,88,47,87,73,60,91,79,64,56,75,70,100,92,60,"south",27654
"2",16,30,19,32,26,20,0,26,33,51,39,16,25,0,5,36,30,"south",39008
"3",97,94,100,95,100,100,100,95,87,100,95,94,92,78,100,77,89,"central",64946
"4",43,43,60,42,68,62,46,48,38,85,25,47,51,68,66,41,68,"central",34317
"5",51,67,49,87,72,85,73,70,90,91,42,39,80,41,73,66,55,"south",56792
"6",57,11,14,26,44,6,8,20,3,6,16,0,71,11,35,45,31,"central",39769
"7",59,35,33,26,50,42,31,37,38,50,56,40,40,39,42,39,56,"south",60043
"8",80,95,81,98,94,90,90,91,86,89,81,100,93,83,100,98,100,"north",47042
"9",39,20,27,30,41,34,18,6,46,47,26,27,39,38,11,18,52,"north",86143
"10",18,29,34,41,18,9,33,29,14,16,11,34,15,36,19,27,16,"north",30188
"11",100,100,100,100,100,100,100,100,100,100,100,100,100,100,100,100,100,"north",69495
"12",0,0,0,0,0,0,0,0,0,0,0,0,0,0,0,0,0,"north",29622
"13",100,97,100,80,93,100,100,100,100,100,100,100,87,94,100,93,100,"south",62070
"14",100,94,100,100,94,99,92,100,96,87,91,94,70,100,84,100,100,"south",55856
"15",82,77,73,91,73,58,84,67,70,79,72,70,90,86,79,80,78,"south",51727
"16",62,51,70,42,57,59,37,63,51,63,79,58,57,25,40,63,54,"south",36986
"17",100,100,100,100,100,100,100,100,100,100,100,100,100,100,100,100,100,"south",45150
"18",100,100,85,100,100,99,97,100,97,81,96,87,100,100,100,100,100,"central",51001
"19",74,71,72,83,82,93,82,80,94,57,80,80,78,73,77,78,81,"north",54687
"20",0,12,17,0,0,16,21,13,0,0,13,10,12,51,22,8,16,"south",22745
"21",18,30,27,35,28,13,27,22,29,33,22,34,20,41,37,26,26,"south",23567
"22",100,100,100,100,100,100,100,100,100,100,100,100,100,100,100,100,100,"central",38526
"23",100,100,100,100,100,100,100,100,87,100,100,100,100,100,100,100,100,"north",41914
"24",17,22,3,13,11,19,8,19,0,18,3,18,15,9,20,18,3,"north",33103
"25",47,49,31,62,0,51,58,39,27,17,53,30,39,30,37,45,8,"north",12885
"26",7,0,20,0,0,0,24,0,39,0,0,0,8,52,26,4,0,"south",39249
"27",33,47,62,100,43,48,61,43,60,25,67,41,36,83,16,17,73,"north",51502
"28",100,100,100,100,100,100,100,100,100,100,100,100,100,100,100,100,100,"north",61569
"29",85,84,77,92,68,80,80,83,69,79,86,77,65,67,70,81,66,"south",47615
"30",88,77,82,90,95,100,83,91,85,89,84,84,90,94,74,79,99,"north",67058
"31",91,64,87,77,63,82,77,86,78,87,90,63,82,73,94,65,90,"central",44730
"32",3,1,3,0,5,0,0,0,0,0,0,0,0,0,0,0,0,"central",34064
"33",62,75,81,62,73,75,78,72,86,72,77,82,74,75,67,75,79,"central",55759
"34",100,100,81,100,89,100,100,85,54,92,78,100,90,95,91,66,61,"central",33678
"35",100,100,100,100,100,100,100,100,100,100,100,100,100,100,100,100,100,"south",62152
"36",58,58,66,70,66,78,78,69,59,66,51,58,65,45,64,59,80,"south",39081
"37",54,66,66,84,57,59,67,68,58,55,65,62,63,51,69,59,59,"north",43903
"38",34,39,29,25,25,35,28,24,33,41,26,37,39,30,36,28,21,"north",21358
"39",29,16,15,2,13,10,6,12,1,6,14,18,20,10,12,11,7,"central",28119
"40",61,68,66,82,91,75,82,87,90,85,58,59,87,86,75,73,65,"south",37086
"41",2,0,48,0,0,0,0,8,0,0,0,0,1,0,0,3,0,"south",25467
"42",77,63,90,97,75,57,93,31,80,52,100,81,52,84,76,57,70,"south",55197
"43",35,15,0,13,5,4,8,12,18,27,6,3,8,11,7,0,0,"south",28867
"44",60,94,56,73,93,77,100,99,68,74,61,87,100,89,80,52,100,"central",45555
"45",100,89,100,80,88,78,88,100,70,100,79,80,99,88,100,100,100,"central",54817
"46",57,47,31,54,36,41,33,69,22,35,60,26,43,45,44,54,41,"south",12828
"47",60,73,76,68,64,78,65,88,56,69,59,57,55,49,62,76,73,"south",37402
"48",27,33,29,69,27,39,41,8,40,14,13,11,56,37,26,25,31,"central",14008
"49",23,0,0,26,17,35,17,10,44,30,19,36,22,8,23,13,14,"south",33563
"50",100,100,100,100,100,100,100,100,95,100,100,100,100,100,100,100,100,"south",64079
"51",0,0,0,0,0,0,0,0,0,0,0,0,0,0,0,0,0,"central",28503
"52",94,100,57,48,84,77,83,70,93,83,91,100,75,83,89,89,66,"central",60394
"53",37,23,36,36,46,41,59,60,21,37,60,45,61,54,20,17,52,"central",50974
"54",100,100,100,100,100,100,100,100,100,100,100,100,100,100,100,100,100,"north",75834
"55",74,75,73,79,68,83,77,78,88,94,78,80,64,78,79,87,85,"central",55587
"56",5,24,57,60,18,4,3,22,19,19,46,17,43,18,49,23,36,"north",46316
"57",29,18,19,16,37,30,22,20,30,31,40,32,46,22,23,27,39,"north",43706
"58",49,0,38,17,33,37,42,31,26,11,27,25,25,18,53,36,36,"central",39348
"59",69,76,79,59,66,72,69,93,72,71,54,74,73,83,64,83,73,"central",47862
"60",98,100,80,86,94,93,83,65,78,76,67,75,78,72,76,100,88,"central",49847
"61",51,59,81,59,72,67,61,55,64,51,61,65,64,67,69,44,64,"north",48435
"62",94,100,88,100,91,97,97,96,86,100,84,97,96,95,95,85,95,"south",44781
"63",0,0,3,0,0,0,0,0,0,0,0,0,0,0,0,0,0,"south",31152
"64",3,67,89,0,67,14,42,30,75,69,35,38,36,23,55,76,33,"north",52398
"65",0,0,0,0,0,0,0,0,0,0,0,0,7,0,0,0,0,"south",23743
"66",100,100,91,78,71,76,100,100,100,100,100,86,100,100,79,100,100,"north",57200
"67",35,3,31,18,40,0,2,32,0,33,9,19,31,0,41,7,28,"central",38730
"68",85,80,86,73,72,74,72,92,69,84,78,67,66,100,77,74,71,"central",47575
"69",98,100,98,100,100,100,100,100,90,100,100,100,100,80,100,100,100,"north",43827
"70",17,37,23,49,9,40,44,10,49,47,55,26,56,47,53,37,39,"north",36394
"71",75,59,36,34,34,39,43,51,41,26,26,40,47,61,28,49,39,"central",41506
"72",100,100,100,100,100,100,100,95,94,100,100,100,100,100,94,100,99,"central",49011
"73",92,70,84,66,82,72,76,73,90,68,86,66,61,73,75,68,58,"central",57807
"74",49,2,46,25,61,2,4,46,53,44,0,44,63,45,15,60,34,"north",47369
"75",39,0,65,46,53,37,48,35,66,52,14,42,20,40,18,35,54,"central",51147
"76",28,56,36,32,51,11,61,6,61,51,12,17,49,43,54,27,44,"central",34699
"77",99,100,100,100,100,100,100,92,100,90,88,97,100,100,100,100,100,"central",54374
"78",15,65,37,18,36,44,17,21,1,40,52,0,7,60,26,22,17,"north",13653
"79",21,2,15,0,15,17,4,0,19,41,15,0,22,24,1,15,4,"north",50462
"80",44,54,61,18,40,54,39,71,48,63,49,37,27,25,71,32,58,"north",37451
"81",61,65,78,53,32,55,56,49,56,60,50,69,69,55,67,66,40,"south",36924
"82",33,27,49,38,37,36,34,36,45,26,44,43,32,38,43,32,33,"central",36310
"83",100,100,100,100,100,97,100,100,100,100,100,100,100,100,100,100,100,"central",51615
"84",0,1,4,0,3,5,0,5,0,9,7,0,0,0,9,0,1,"central",18554
"85",100,93,100,89,100,75,93,99,100,100,75,88,99,100,98,100,100,"central",38526
"86",46,48,59,0,6,44,36,28,51,39,48,26,19,43,28,4,55,"central",41521
"87",100,100,100,93,95,100,89,100,100,100,96,99,100,100,100,100,100,"north",73259
"88",36,42,32,31,36,42,31,13,39,32,42,47,61,25,40,51,33,"central",41452
"89",71,88,97,89,86,84,98,91,80,86,81,98,100,82,80,75,97,"central",58180
"90",43,34,59,30,47,65,51,90,40,46,48,38,70,66,60,44,28,"south",28767
"91",39,38,28,32,26,21,33,28,24,25,38,27,25,31,26,28,22,"south",29546
"92",29,47,36,51,30,48,52,29,39,45,51,52,55,39,30,39,46,"central",23436
"93",0,0,0,0,0,0,0,0,0,0,0,0,0,0,7,0,0,"central",21498
"94",63,77,77,68,88,81,79,82,77,65,63,84,77,58,61,89,73,"north",56762
"95",37,100,66,33,100,100,55,84,61,69,76,63,53,70,74,45,70,"central",44700
"96",85,74,79,76,93,95,63,75,86,62,69,69,79,70,70,93,79,"central",16834
"97",67,39,46,44,26,46,40,45,43,58,39,47,55,44,59,27,60,"north",35344
"98",40,34,41,53,34,40,41,28,29,26,33,35,28,37,45,44,32,"south",17082
"99",95,100,100,88,100,100,89,100,100,95,97,100,89,80,90,100,100,"north",44662
"100",52,40,37,42,53,30,46,18,14,38,15,51,65,29,51,18,44,"south",34144
"101",49,60,65,41,44,34,35,29,58,38,32,47,63,33,20,58,62,"south",66579
"102",46,43,32,36,21,16,47,18,44,46,44,24,2,43,37,50,58,"south",36044
"103",63,31,4,42,69,18,8,19,17,30,35,35,48,36,41,71,6,"central",31193
"104",0,1,3,0,0,2,3,0,17,3,6,0,0,0,9,0,4,"north",42452
"105",77,83,77,91,69,75,81,80,62,51,71,86,96,67,66,76,56,"north",38964
"106",0,0,0,1,5,0,0,24,0,0,0,0,0,0,0,0,0,"south",46594
"107",32,56,38,63,27,52,37,59,61,29,38,62,34,35,46,23,42,"north",41418
"108",86,65,36,69,100,52,74,69,78,54,67,76,71,52,51,47,41,"central",52047
"109",89,83,86,95,83,81,99,75,87,75,91,74,80,86,90,84,94,"central",55419
"110",46,40,46,42,63,43,34,44,42,64,47,81,72,69,35,88,66,"north",45898
"111",100,100,100,100,100,100,100,100,100,100,100,100,100,100,100,100,100,"central",51052
"112",50,45,33,51,26,33,48,49,58,31,51,33,22,65,56,50,43,"central",25182
"113",16,17,4,26,8,11,19,16,21,26,14,13,17,18,25,14,18,"north",21153
"114",74,71,76,80,79,71,75,71,81,80,76,78,70,86,84,76,80,"north",49798
"115",0,0,28,16,28,22,11,20,0,3,22,3,36,11,0,9,28,"north",10227.1397495642
"116",66,85,76,45,83,69,79,79,70,75,95,77,100,71,80,100,62,"north",49493
"117",100,100,100,100,100,100,100,100,100,100,100,100,100,100,100,100,100,"north",65161
"118",30,46,43,38,59,49,22,63,6,51,50,35,43,33,61,37,29,"central",36778
"119",33,43,22,52,53,49,69,44,49,19,11,58,58,55,42,77,19,"central",46879
"120",94,64,87,100,75,55,100,83,80,81,70,99,77,52,82,67,50,"north",61538
"121",62,59,51,39,74,53,17,29,40,43,44,72,67,32,50,61,17,"central",24927
"122",75,49,70,45,65,91,81,63,64,75,64,55,53,12,88,57,75,"north",48096
"123",79,71,75,98,81,67,80,85,76,70,75,79,87,75,74,83,82,"north",66527
"124",15,48,42,25,32,21,32,32,43,42,28,4,50,29,49,4,42,"central",35704
"125",30,20,8,9,8,10,0,21,14,0,22,20,9,11,23,4,7,"north",20215
"126",55,70,76,62,76,70,78,69,70,77,67,62,67,71,65,58,79,"central",50949
"127",23,49,16,45,37,36,25,44,37,37,29,21,40,30,43,41,47,"south",45585
"128",94,88,83,85,100,69,56,81,75,82,70,85,62,100,100,82,100,"central",48206
"129",99,95,100,100,98,93,97,100,100,99,99,86,100,95,100,94,89,"central",59187
"130",92,96,94,92,96,97,89,81,100,97,86,100,86,85,81,86,87,"south",48985
"131",49,47,54,49,55,53,44,44,63,61,48,51,55,52,59,47,49,"south",43750
"132",0,0,0,0,0,0,0,0,0,0,0,0,0,0,0,0,0,"south",36603
"133",51,68,83,48,64,56,62,49,57,61,56,66,64,69,63,56,64,"north",33399
"134",83,77,78,94,91,70,77,70,86,56,73,99,75,87,63,53,95,"south",35307
"135",56,83,66,73,65,47,16,100,82,80,69,74,62,80,56,100,61,"south",58245
"136",100,100,100,100,100,100,100,100,100,100,100,96,100,100,100,100,82,"north",50945
"137",36,30,36,25,21,22,16,32,14,0,33,33,36,53,0,6,37,"north",38431
"138",98,91,87,81,100,100,100,93,88,100,78,89,67,97,61,100,100,"north",52706
"139",100,98,100,100,100,100,63,100,100,100,88,100,100,100,100,100,92,"north",49506
"140",82,73,80,78,75,86,72,75,74,73,69,74,93,77,81,78,81,"south",36020
"141",91,98,98,100,72,85,87,100,100,78,97,82,85,100,90,89,96,"south",58438
"142",40,49,20,52,29,34,23,26,32,47,38,43,35,39,46,39,25,"north",31568
"143",38,40,17,12,47,23,32,41,24,12,16,49,36,33,26,26,28,"north",35688
"144",0,16,17,12,10,0,5,0,0,1,13,0,9,31,18,5,22,"central",29578
"145",71,81,72,82,85,70,79,72,73,80,84,75,83,75,86,82,78,"central",58741
"146",100,100,100,100,79,100,96,100,86,100,82,99,100,100,100,85,100,"north",71480
"147",100,100,100,100,100,100,100,100,100,100,100,100,100,100,100,100,100,"central",59434
"148",94,41,100,93,100,81,88,77,99,66,83,99,79,85,87,100,65,"north",57398
"149",76,50,77,49,59,70,71,58,50,45,63,50,31,58,50,76,52,"north",35537
"150",100,100,100,100,100,100,100,100,100,100,100,100,100,100,100,100,100,"south",55777
"151",91,71,83,90,88,69,100,53,88,86,68,69,81,83,80,74,91,"south",53638
"152",29,43,33,30,37,48,29,20,36,34,41,34,51,43,50,48,19,"north",18584
"153",85,99,76,92,78,100,84,95,78,100,100,87,89,91,70,89,100,"north",48306
"154",98,73,100,100,88,97,100,100,92,100,85,100,62,92,100,100,100,"south",62275
"155",59,100,100,100,92,100,73,100,82,65,100,86,100,100,85,77,97,"central",59493
"156",70,30,39,52,38,38,48,47,41,44,72,45,59,42,59,32,60,"central",36915
"157",20,18,21,15,22,28,34,25,19,32,16,19,15,18,24,29,20,"central",31644
"158",51,54,35,22,55,29,62,56,33,53,57,40,57,41,39,47,39,"north",42241
"159",99,83,85,100,88,100,99,100,89,97,100,100,98,81,100,100,98,"north",65343
"160",62,84,53,70,70,57,83,48,64,53,79,58,48,70,59,58,59,"south",23129
"161",40,58,46,56,39,27,31,42,31,27,10,16,20,49,46,37,41,"south",13757
"162",37,40,0,10,29,42,0,0,58,20,58,12,21,26,9,25,21,"central",51934
"163",40,54,31,74,62,40,50,55,63,79,56,57,62,79,68,65,72,"central",32863
"164",69,100,79,83,85,84,69,74,83,64,94,86,75,80,94,76,68,"south",55003
"165",94,100,100,100,72,93,44,51,100,84,100,59,81,77,84,80,64,"central",32752
"166",18,2,20,6,21,4,4,22,5,1,0,7,19,6,4,13,0,"south",38563
"167",59,61,51,59,54,63,56,41,46,51,53,36,61,45,53,47,49,"central",44955
"168",51,65,56,35,49,54,41,62,45,42,60,47,64,50,50,45,60,"north",36464
"169",0,0,0,0,0,0,0,0,0,0,3,0,11,19,0,0,14,"north",20560
"170",0,0,32,0,0,24,11,12,6,16,0,0,14,3,20,7,0,"south",20570
"171",51,44,57,40,44,46,42,43,49,48,36,45,45,44,44,55,46,"central",46329
"172",82,66,82,71,68,73,80,78,71,62,68,65,64,53,63,84,82,"south",29752
"173",53,48,53,49,55,42,56,54,67,63,53,62,51,56,57,50,59,"north",58100
"174",9,6,30,0,5,9,0,18,4,20,9,7,7,8,13,9,4,"central",32635
"175",40,29,27,48,43,43,62,60,34,38,53,43,45,48,31,45,50,"north",31844
"176",100,98,100,100,99,100,100,100,100,100,100,89,100,100,98,96,100,"central",55950
"177",73,62,71,63,66,73,78,61,90,74,72,69,79,80,62,68,46,"north",49936
"178",94,77,97,84,100,100,100,100,100,94,100,100,100,100,100,94,100,"central",69621
"179",0,0,0,0,0,0,0,0,0,0,0,0,0,0,0,0,0,"central",41123
"180",94,100,86,89,90,92,100,87,96,88,88,93,85,93,100,88,88,"south",56094
"181",32,36,8,60,24,40,23,11,28,21,38,21,7,44,11,51,23,"central",23765
"182",100,100,100,100,100,100,100,100,93,100,100,100,100,100,100,100,100,"north",52007
"183",56,80,65,77,76,62,40,70,62,65,71,70,59,82,66,77,61,"north",43083
"184",92,100,72,100,100,100,100,62,100,93,83,100,61,100,100,59,100,"north",61595
"185",100,100,99,100,100,100,93,89,100,95,97,100,100,100,100,100,95,"north",70024
"186",87,79,93,96,76,96,80,87,77,92,89,88,78,83,97,85,92,"north",46903
"187",100,88,67,88,100,100,78,78,80,100,84,82,100,92,100,83,100,"north",71084
"188",92,84,82,90,96,75,63,73,100,100,81,66,98,88,54,51,49,"north",42085
"189",0,4,0,0,1,7,0,0,0,9,0,7,12,0,0,0,0,"south",22848
"190",29,22,58,49,55,54,53,36,64,35,35,54,42,51,53,58,53,"central",41482
"191",95,100,100,79,89,97,97,99,76,80,62,92,83,97,67,100,91,"central",66592
"192",49,65,33,44,13,45,25,15,56,26,44,59,24,32,50,22,21,"central",37069
"193",44,33,27,38,40,54,46,42,56,25,40,54,35,20,37,44,55,"south",28292
"194",55,63,67,74,78,56,97,56,71,91,75,82,77,99,55,79,51,"central",37986
"195",0,1,0,10,13,4,18,0,0,0,0,25,0,0,0,0,0,"central",25951
"196",83,63,100,78,100,100,69,71,100,97,100,86,84,100,74,88,77,"central",70070
"197",98,100,100,93,100,87,95,81,79,100,90,82,92,92,70,76,100,"north",56195
"198",70,90,76,68,67,80,69,72,71,88,80,74,72,79,73,70,84,"south",46982
"199",71,69,73,57,62,73,67,60,56,56,59,60,63,70,71,59,70,"central",40166
"200",62,51,54,62,75,81,56,64,49,48,70,86,54,61,80,39,49,"central",41210
"201",0,0,0,1,0,0,1,0,0,0,0,10,0,0,0,0,0,"south",33917
"202",33,15,36,18,26,20,44,38,55,19,27,29,16,29,47,30,19,"north",43164
"203",100,100,100,100,100,100,100,100,100,100,100,100,100,100,100,100,100,"central",34513
"204",80,7,35,0,7,4,39,5,31,0,30,56,45,22,32,44,8,"north",38799
"205",32,21,48,30,41,6,21,15,36,22,45,37,22,26,34,24,38,"south",28254
"206",74,56,78,76,83,77,80,82,82,81,88,84,77,82,76,61,87,"central",37574
"207",40,48,22,24,5,24,12,30,70,32,47,31,53,29,53,74,31,"north",31642
"208",74,76,84,56,28,94,40,54,67,78,70,69,58,85,62,86,65,"south",30105
"209",89,100,86,100,100,100,100,96,100,100,100,100,100,100,100,100,100,"north",85558
"210",100,100,100,100,100,100,100,100,100,100,100,100,100,100,100,100,100,"south",54771
"211",33,42,67,73,54,62,65,66,75,74,84,49,56,57,78,67,82,"central",39994
"212",83,94,100,94,90,87,83,84,90,92,87,88,84,97,84,75,84,"central",54455
"213",100,98,100,100,100,100,100,98,100,91,100,100,100,94,100,100,99,"south",51443
"214",84,74,100,78,93,72,100,97,71,85,59,85,51,86,92,100,100,"south",44177
"215",47,60,64,70,99,41,73,31,52,38,35,85,34,65,52,0,65,"north",68433
"216",100,92,76,78,98,67,72,85,99,100,72,86,89,90,100,94,99,"south",64115
"217",4,27,14,1,0,0,10,28,3,25,27,35,0,11,14,32,39,"south",28849
"218",42,32,51,40,40,52,48,44,51,38,68,44,38,53,45,44,29,"north",38144
"219",100,100,100,100,100,100,100,100,100,100,100,100,100,100,100,100,100,"south",71486
"220",86,100,67,75,82,100,84,67,79,94,52,99,100,82,100,100,100,"north",69341
"221",52,33,32,0,40,52,44,31,48,39,9,53,37,41,47,10,25,"south",38978
"222",62,50,48,4,49,25,60,62,84,50,86,56,76,83,52,38,29,"north",59976
"223",50,34,51,44,35,42,46,35,40,26,38,40,48,46,42,30,35,"north",33826
"224",43,60,72,43,58,49,33,50,55,50,47,52,54,54,63,34,49,"north",29616
"225",79,100,100,100,100,100,100,100,100,100,100,100,97,100,100,100,100,"south",39940
"226",100,100,100,100,100,100,100,100,100,100,100,100,98,100,100,100,100,"central",53427
"227",6,23,7,11,25,34,51,41,16,30,0,0,0,20,42,0,36,"central",17020
"228",18,41,10,10,45,14,13,33,31,0,16,20,30,40,15,23,41,"north",37864
"229",60,70,65,62,64,75,71,55,65,74,67,54,69,57,75,53,72,"north",51661
"230",100,100,100,100,100,100,100,100,100,100,100,100,100,100,100,100,100,"central",61521
"231",100,100,100,100,100,100,100,100,100,100,100,100,100,100,100,100,100,"south",60577
"232",0,0,0,0,0,0,0,0,0,0,0,0,0,0,0,0,0,"north",13897
"233",73,78,85,75,80,84,77,71,76,77,83,71,83,72,84,80,81,"south",41117
"234",0,0,0,0,0,0,0,0,1,0,0,0,0,0,0,0,0,"south",33774
"235",67,43,65,48,63,58,50,79,52,74,39,50,79,58,61,57,56,"north",57017
"236",39,47,46,38,53,48,61,45,54,57,49,35,66,51,55,43,51,"central",36170
"237",79,79,73,66,73,73,89,69,87,73,76,64,79,72,59,71,66,"central",49031
"238",33,46,36,29,50,40,36,42,36,40,45,40,47,47,40,30,40,"south",39844
"239",56,78,64,82,69,63,69,84,84,78,77,75,82,82,54,63,70,"north",48109
"240",0,11,9,0,6,31,9,0,1,7,20,0,0,3,4,0,13,"central",25717
"241",100,100,100,100,100,100,100,100,100,100,100,100,100,100,100,100,100,"north",56203
"242",97,100,91,100,96,100,83,100,100,88,100,84,100,100,100,100,79,"central",54275
"243",34,25,44,23,38,32,23,36,32,39,37,45,30,45,36,28,15,"south",40939
"244",0,0,0,1,0,0,0,30,5,4,0,0,17,6,0,0,8,"north",20039
"245",73,49,79,62,54,72,34,88,73,54,57,76,66,46,78,74,51,"north",60037
"246",0,0,0,0,0,0,0,0,0,0,0,0,0,0,0,0,0,"north",43940
"247",49,51,52,49,57,46,41,34,53,42,52,51,48,49,49,46,35,"south",34641
"248",24,37,30,32,25,33,26,24,24,37,30,33,28,28,36,30,28,"south",27597
"249",20,22,24,27,24,28,20,23,39,27,35,29,37,24,19,24,18,"north",40285
"250",46,39,35,36,38,39,23,34,46,42,33,48,23,27,45,39,31,"north",55772
"251",93,95,78,100,98,100,91,100,100,100,100,100,100,100,96,100,100,"south",68300
"252",0,2,0,16,0,0,5,9,0,2,4,19,4,24,10,0,0,"central",26512
"253",72,56,50,74,73,86,68,50,57,62,56,71,66,57,65,58,88,"north",43604
"254",48,0,7,42,42,11,0,55,22,37,44,36,25,31,30,24,47,"central",23794
"255",63,61,72,47,55,58,54,47,50,52,42,54,66,52,44,51,45,"central",31089
"256",46,61,63,50,53,70,57,66,61,66,68,62,55,47,68,57,54,"south",50156
"257",54,42,41,17,43,29,32,63,39,22,14,5,18,14,21,51,17,"central",29791
"258",32,38,22,31,24,38,37,33,23,20,31,21,18,39,28,40,26,"central",14379
"259",78,37,43,35,26,34,15,20,34,16,38,26,54,56,28,64,65,"north",26475
"260",100,98,100,100,92,100,100,100,100,100,100,100,100,100,100,100,100,"south",61028
"261",84,79,80,89,75,74,72,100,84,91,82,83,92,80,82,74,86,"north",57783
"262",69,55,75,99,74,55,57,53,68,30,77,69,88,74,42,53,63,"north",43882
"263",100,100,98,69,100,100,100,82,100,71,100,100,100,100,96,100,71,"north",47470
"264",39,41,43,61,32,45,51,41,55,44,39,46,39,56,39,31,37,"north",30445
"265",60,51,56,56,72,74,65,63,65,58,62,53,62,55,64,60,49,"central",26455
"266",100,100,100,100,100,100,100,100,100,100,100,100,100,100,100,100,100,"north",75129
"267",59,47,58,58,59,40,60,24,64,38,50,87,36,56,78,55,37,"north",63434
"268",59,62,64,75,43,54,55,79,75,56,72,53,48,56,51,55,76,"south",52570
"269",6,23,13,12,5,20,9,3,2,8,2,1,10,20,5,17,16,"central",30787
"270",10,24,22,15,0,33,0,22,8,3,23,6,40,15,8,12,0,"north",26183
"271",24,0,2,34,14,15,11,12,0,16,25,0,0,8,18,32,0,"north",29191
"272",3,0,7,0,0,0,0,0,0,0,0,0,0,0,0,0,2,"north",29514
"273",60,12,5,56,21,14,20,14,22,13,4,48,35,0,9,25,21,"central",52981
"274",26,34,45,15,33,27,29,49,23,23,58,36,69,30,24,37,23,"central",24634
"275",38,46,81,77,70,91,38,58,82,62,73,71,100,57,84,66,70,"south",49074
"276",0,7,0,0,0,0,22,0,10,0,0,15,0,0,9,0,0,"central",20952
"277",65,49,57,56,53,41,59,67,45,62,45,59,46,63,46,48,51,"south",25707
"278",28,11,7,5,31,0,37,11,8,0,0,15,7,0,17,23,27,"central",43468
"279",56,65,57,73,59,73,58,53,56,77,63,65,74,60,69,48,78,"north",41825
"280",56,51,84,74,43,50,69,79,65,42,68,48,44,74,76,81,71,"central",55872
"281",44,85,61,55,70,74,68,61,80,59,75,63,49,58,55,84,66,"central",35745
"282",30,4,29,21,22,10,44,14,16,28,25,11,18,29,38,20,23,"south",49971
"283",0,0,0,16,26,11,0,49,43,0,4,16,6,8,10,13,0,"central",27777
"284",74,69,66,66,76,69,72,68,77,65,76,73,75,78,66,75,75,"south",44740
"285",16,43,23,35,21,38,37,38,38,25,42,30,30,28,34,18,25,"north",22472
"286",44,49,76,39,51,24,59,30,45,66,65,58,34,34,53,58,70,"central",41361
"287",91,70,82,60,81,72,68,94,90,71,92,93,98,73,66,70,77,"central",47954
"288",51,65,46,55,50,69,64,50,46,62,52,57,72,46,59,51,52,"south",47946
"289",100,100,100,80,100,97,100,100,95,100,98,100,100,99,100,99,100,"central",54636
"290",53,65,56,61,63,61,45,57,64,69,46,41,64,50,60,55,57,"north",31248
"291",34,33,35,47,40,35,40,29,37,32,34,35,33,49,48,44,39,"south",47094
"292",100,100,100,100,100,100,100,100,100,100,100,100,100,100,92,100,100,"south",49365
"293",54,21,13,26,44,25,13,24,9,24,0,17,36,0,30,39,6,"north",33332
"294",0,30,53,30,20,31,7,25,15,12,32,15,1,9,33,20,27,"south",22528
"295",100,100,92,92,92,88,100,100,98,86,89,90,100,87,100,90,100,"south",44317
"296",45,62,44,41,32,64,4,16,42,20,53,51,53,64,52,9,43,"central",28773
"297",18,34,65,32,53,57,42,60,32,39,30,74,11,20,46,47,41,"south",29063
"298",100,100,100,95,99,100,100,95,94,93,100,100,100,100,99,95,97,"south",73058
"299",99,100,100,89,100,88,100,100,100,100,100,100,100,93,100,95,100,"south",56583
"300",40,35,52,54,21,51,44,59,45,37,27,29,44,32,47,39,35,"north",36717
"301",44,55,55,53,53,73,70,60,63,74,65,84,60,81,59,50,52,"central",54161
"302",82,84,93,78,83,100,100,91,95,96,94,100,100,77,86,87,88,"north",64309
"303",0,7,11,17,0,24,4,0,15,27,22,17,6,16,18,23,21,"south",29863
"304",58,65,58,48,48,54,63,35,77,63,56,54,41,71,44,87,38,"south",57885
"305",100,100,98,95,96,100,100,100,100,95,96,94,99,100,90,100,93,"central",59903
"306",100,100,100,100,100,100,100,100,100,100,100,100,100,100,100,100,100,"south",46069
"307",79,81,95,91,85,84,82,87,89,79,85,77,76,78,98,84,80,"south",54937
"308",2,26,18,4,32,22,23,15,11,13,14,6,4,19,22,17,24,"central",37686
"309",24,47,55,49,51,80,69,39,84,48,53,39,48,56,71,32,73,"south",45821
"310",0,0,0,0,7,0,0,0,0,7,0,0,0,0,0,0,0,"central",37515
"311",32,6,41,22,65,24,50,25,41,49,33,19,20,9,35,17,18,"south",45174
"312",69,51,65,46,84,73,45,38,29,84,75,61,73,47,55,62,43,"north",40467
"313",28,35,43,22,30,25,11,27,26,31,23,21,22,26,27,44,26,"south",41944
"314",64,100,82,93,95,100,100,79,100,86,100,60,100,91,91,100,100,"north",53077
"315",12,25,24,25,25,16,11,5,16,0,5,3,31,18,5,16,15,"south",19676
"316",72,69,43,82,67,24,61,77,46,79,72,69,80,92,54,57,59,"south",44467
"317",52,0,29,43,32,12,46,0,37,40,52,34,43,89,43,52,27,"north",47396
"318",3,5,0,27,10,0,0,16,17,2,11,20,29,12,10,7,10,"central",25688
"319",55,64,43,39,36,34,66,41,45,46,44,55,67,36,55,61,67,"north",61756
"320",100,100,100,100,100,100,100,100,100,100,100,100,100,100,100,100,100,"north",56925
"321",100,100,100,100,92,100,99,100,71,85,100,85,100,100,99,94,99,"north",51617
"322",71,85,94,81,91,86,89,68,73,77,84,76,92,82,89,80,76,"north",50501
"323",60,49,48,46,56,71,57,61,53,58,59,51,51,42,61,46,51,"south",46222
"324",62,26,55,49,50,44,58,40,74,52,45,38,79,47,73,49,72,"north",48665
"325",49,53,51,91,24,30,59,12,28,27,47,76,41,45,32,87,57,"central",54295
"326",100,83,72,63,82,87,88,78,72,84,57,89,57,94,75,81,78,"north",55342
"327",59,80,68,90,60,68,49,100,56,54,58,71,94,100,89,84,73,"north",42117
"328",59,40,43,40,42,50,40,27,29,38,53,53,39,41,36,40,23,"central",34756
"329",62,100,69,79,64,97,69,55,57,80,70,82,78,63,61,78,71,"north",55883
"330",77,59,55,100,56,61,63,89,78,48,36,66,71,68,73,66,62,"south",56824
"331",43,32,45,53,56,33,38,41,48,47,56,55,58,58,49,47,38,"central",54515
"332",15,22,8,32,20,0,31,21,32,5,30,13,0,14,19,30,11,"central",27506
"333",50,69,61,57,78,84,62,63,81,54,51,42,42,63,69,74,79,"south",45804
"334",35,72,17,64,68,48,58,39,33,52,41,78,48,33,66,55,42,"north",46343
"335",39,73,53,75,17,37,63,66,60,51,76,38,52,59,70,31,48,"north",52685
"336",97,100,82,100,100,99,88,99,100,100,90,90,100,100,100,98,100,"south",57897
"337",35,34,46,47,38,55,65,32,55,72,54,58,26,41,39,32,57,"central",44657
"338",59,48,58,40,58,20,53,45,68,49,53,53,46,51,67,55,37,"south",51946
"339",32,30,27,35,28,35,35,46,39,36,28,36,41,33,30,33,31,"north",41028
"340",22,25,20,38,36,52,28,26,41,40,28,29,39,28,36,34,15,"south",24974
"341",55,39,25,41,47,41,38,38,30,44,41,53,29,40,34,15,51,"south",50207
"342",74,100,86,90,67,99,72,71,74,75,96,70,73,66,89,77,94,"north",55848
"343",30,33,34,41,34,33,24,26,36,30,30,31,32,29,34,25,41,"central",53753
"344",100,100,100,100,100,100,98,94,100,100,100,98,100,100,100,100,100,"central",47795
"345",47,84,54,47,38,24,31,70,31,48,28,58,56,43,38,12,11,"north",21732
"346",100,100,100,100,100,100,100,100,100,100,100,100,100,100,100,100,100,"central",56317
"347",100,71,90,66,98,81,100,90,92,62,45,100,100,45,100,96,100,"north",58774
"348",78,53,44,70,61,44,44,52,54,72,45,52,70,65,55,83,62,"central",24739
"349",0,3,4,20,27,20,0,0,11,0,0,6,0,5,5,0,0,"north",41477
"350",62,79,52,55,90,39,55,59,67,83,58,42,54,49,67,67,63,"north",39243
"351",81,72,54,100,60,85,81,87,78,61,92,66,73,100,77,46,96,"central",49351
"352",0,0,6,0,0,12,0,19,8,1,6,9,17,11,1,6,0,"south",25709
"353",42,73,34,16,45,33,57,61,94,66,40,86,69,32,56,79,42,"north",57322
"354",66,74,66,66,97,75,81,56,62,81,76,79,83,83,74,79,84,"south",35691
"355",86,100,80,100,77,59,85,87,51,84,100,97,84,76,64,83,90,"south",45261
"356",86,100,78,100,78,100,100,100,97,100,93,95,92,100,100,93,100,"central",64234
"357",0,0,0,0,0,7,5,0,0,0,0,14,0,0,0,0,0,"central",13625
"358",100,100,100,96,97,71,97,100,90,100,92,100,98,100,93,100,100,"central",52023
"359",100,100,98,86,100,100,100,100,100,100,94,100,100,100,100,100,100,"central",47245
"360",100,100,100,100,100,100,68,100,100,100,100,100,100,100,100,100,94,"central",50306
"361",100,100,100,100,97,100,100,100,100,100,100,100,100,100,100,100,100,"south",58534
"362",100,100,100,100,100,100,100,100,100,100,100,100,100,100,100,100,100,"central",61331
"363",90,80,100,100,100,100,100,99,100,100,100,94,68,100,96,100,100,"north",67619
"364",58,43,22,50,51,66,77,68,57,63,49,52,54,37,45,62,53,"south",70449
"365",100,100,100,100,100,100,100,100,100,100,100,100,100,100,100,100,100,"north",64070
"366",12,0,0,0,0,0,0,0,0,0,0,0,0,0,0,0,1,"north",29874
"367",35,0,18,20,12,0,0,13,5,0,0,0,0,0,0,0,0,"south",28614
"368",4,7,0,1,28,0,2,18,45,0,0,0,0,12,11,0,12,"central",48420
"369",57,61,68,61,59,64,61,61,58,62,71,58,56,60,52,62,71,"north",40522
"370",100,100,100,100,100,100,100,100,100,100,100,100,100,100,100,100,100,"south",80985
"371",100,100,97,100,95,100,100,100,92,100,100,100,100,100,100,100,100,"north",51513
"372",41,30,36,25,40,53,26,54,38,45,46,40,44,36,32,45,35,"south",42618
"373",71,79,97,77,82,97,92,49,100,50,65,74,61,62,73,60,82,"central",69820
"374",62,44,60,44,43,59,52,37,64,5,25,73,42,35,45,51,34,"central",36663
"375",100,100,85,89,70,89,100,90,69,65,98,76,100,100,75,74,65,"south",17379
"376",85,73,82,96,89,89,66,75,73,74,86,88,67,78,78,100,58,"central",44234
"377",26,49,54,30,49,5,43,85,28,66,3,49,63,11,58,67,87,"north",27495
"378",100,100,100,100,100,100,100,100,100,100,100,100,100,100,100,100,100,"south",45669
"379",100,95,100,84,93,100,83,92,75,95,89,79,100,64,100,94,68,"north",47293
"380",41,42,38,36,34,32,27,25,35,36,35,47,38,43,44,36,35,"central",41531
"381",74,53,61,32,40,58,39,41,38,36,43,58,57,61,60,74,51,"north",34030
"382",100,100,89,72,82,89,100,88,78,73,68,90,90,61,77,59,59,"south",50795
"383",100,74,94,90,100,100,75,97,94,61,100,100,69,100,81,93,68,"central",52301
"384",0,0,0,0,0,0,0,0,0,0,0,0,0,0,0,0,0,"south",9789
"385",100,90,100,99,100,100,100,100,100,100,100,100,100,100,100,100,70,"north",70948
"386",79,75,100,60,88,60,60,86,60,61,93,89,54,80,80,83,77,"south",33941
"387",44,81,77,48,75,51,71,64,49,60,72,82,70,64,86,58,53,"central",61169
"388",100,100,100,98,91,100,100,100,100,95,100,100,100,89,96,100,100,"south",74535
"389",49,50,46,56,55,58,49,45,54,61,58,53,46,54,58,55,50,"north",43846
"390",100,100,100,100,100,100,100,100,100,100,100,100,100,100,100,100,100,"central",64194
"391",100,100,97,100,95,100,100,100,100,100,99,100,99,97,100,100,100,"north",60639
"392",85,65,97,84,63,65,74,81,73,75,62,72,77,68,80,80,81,"south",46988
"393",34,52,43,30,45,43,22,38,44,46,51,46,39,48,37,50,40,"central",24907
"394",59,52,63,52,51,56,58,61,48,77,45,51,61,64,34,50,68,"north",50612
"395",22,21,28,38,12,26,37,19,18,10,56,39,30,25,41,11,39,"north",32262
"396",100,100,100,100,100,100,100,100,100,100,100,100,100,100,100,100,100,"south",52228
"397",89,74,93,93,92,100,100,98,86,98,100,91,88,94,94,96,97,"south",63661
"398",78,78,77,74,81,78,78,79,70,77,72,73,79,81,80,81,71,"central",31325
"399",100,93,100,100,100,100,100,100,100,99,100,100,100,94,100,100,100,"south",66503
"400",85,47,100,62,64,54,78,35,24,25,65,59,73,66,41,63,63,"central",29906
"401",76,76,77,79,77,77,71,73,75,79,83,74,69,74,73,71,76,"north",48264
"402",81,93,80,73,99,65,95,57,87,84,100,84,88,79,80,81,72,"south",70771
"403",54,80,55,83,57,62,73,42,61,62,78,72,53,61,95,63,69,"south",26514
"404",79,65,34,82,39,54,65,59,63,85,73,76,80,33,65,41,83,"north",38790
"405",95,94,100,74,64,87,96,100,79,84,100,75,100,64,77,78,95,"south",45190
"406",15,25,41,8,45,33,41,32,26,31,15,23,28,32,36,20,28,"south",38298
"407",100,100,89,88,100,93,100,97,99,94,100,100,100,100,100,100,98,"south",53874
"408",43,45,28,39,40,41,24,33,18,46,17,17,30,36,30,38,39,"north",44097
"409",19,32,46,48,35,27,88,73,22,41,40,62,58,65,40,59,29,"north",25897
"410",80,44,60,73,79,29,84,75,84,90,43,93,86,58,84,78,100,"north",66981
"411",25,38,16,49,31,55,24,35,46,16,26,53,22,14,66,14,49,"north",42430
"412",100,100,100,95,100,100,100,100,100,78,100,100,100,100,100,100,100,"south",58906
"413",0,0,0,0,0,0,0,0,0,0,0,0,0,0,0,0,0,"south",24687
"414",33,36,25,33,29,40,37,14,23,27,30,33,13,5,27,17,15,"north",31021
"415",40,34,41,17,60,38,33,43,28,41,41,49,30,29,58,28,25,"central",45072
"416",100,100,100,100,100,100,100,100,100,100,100,100,100,100,100,100,100,"central",72670
"417",58,77,57,65,54,55,52,57,55,55,53,71,49,65,48,62,54,"central",29757
"418",80,56,64,73,57,56,54,67,76,73,73,67,80,69,64,84,66,"south",46191
"419",40,0,18,21,12,37,10,23,29,36,24,41,33,0,0,10,0,"north",38475
"420",9,61,35,34,46,42,42,42,48,45,58,16,43,37,51,43,38,"central",26937
"421",100,91,99,100,87,79,88,84,88,90,79,85,80,97,99,92,82,"south",47885
"422",71,63,44,64,62,98,3,53,77,77,66,82,60,55,52,52,34,"south",49389
"423",9,0,14,28,18,17,0,4,0,32,12,29,44,14,16,12,0,"south",35579
"424",100,84,94,82,84,83,85,80,91,93,86,91,99,96,95,94,97,"central",56244
"425",60,88,90,100,97,62,100,92,80,86,87,79,76,87,74,83,85,"south",49693
"426",0,0,0,0,0,0,0,0,0,0,0,0,0,0,0,0,0,"central",19516
"427",100,100,100,100,100,100,100,100,100,100,100,100,100,100,100,100,100,"central",37830
"428",95,100,86,100,89,100,93,100,100,100,99,100,95,100,99,100,100,"central",37290
"429",90,82,100,50,68,89,56,80,80,66,100,70,71,87,92,63,77,"south",61306
"430",24,31,1,25,21,33,6,44,15,44,41,17,17,13,43,7,26,"central",25065
"431",71,65,67,60,55,68,65,65,52,62,57,55,66,64,61,50,60,"central",11784
"432",100,100,100,100,100,100,100,100,100,100,100,100,100,100,100,100,100,"north",54931
"433",100,100,100,100,100,100,100,100,100,100,100,100,100,100,100,100,100,"south",61159
"434",53,42,69,68,40,44,78,73,42,50,65,52,77,67,49,61,89,"north",60966
"435",98,100,68,100,80,100,100,100,99,100,95,100,100,86,100,100,100,"north",65367
"436",0,0,0,13,3,0,8,12,1,0,1,0,0,0,3,0,0,"north",44909
"437",85,94,100,83,97,86,100,87,77,100,82,94,100,95,100,62,67,"south",36133
"438",88,90,68,79,73,84,75,97,76,67,87,76,86,88,81,80,100,"north",44488
"439",97,87,99,100,100,100,100,100,100,97,100,100,100,100,92,95,100,"south",58846
"440",81,84,64,76,75,79,88,69,38,66,88,68,90,74,66,84,80,"central",29580
"441",0,23,23,10,22,30,0,21,6,13,16,0,20,22,3,23,0,"north",24314
"442",35,37,46,13,32,24,39,44,18,52,46,47,59,31,13,59,48,"north",44844
"443",78,52,37,36,46,15,52,83,58,38,48,62,42,37,38,50,47,"central",48482
"444",93,82,91,81,77,88,82,85,88,87,100,81,77,86,80,87,79,"central",36996
"445",21,47,40,27,42,2,0,24,27,13,7,1,13,22,27,10,18,"north",36617
"446",47,55,32,72,53,74,65,64,75,65,68,69,61,57,74,57,63,"central",36712
"447",0,19,20,19,23,13,9,36,8,15,31,12,3,1,6,9,17,"central",18293
"448",44,39,43,43,39,31,36,31,42,41,33,37,41,50,43,38,32,"north",43754
"449",99,78,89,100,100,100,98,94,100,100,100,100,83,96,98,89,100,"central",75654
"450",100,100,100,100,100,100,100,100,100,100,100,100,100,100,100,100,100,"north",57422
"451",0,0,0,0,0,0,0,0,0,0,0,0,0,0,0,0,0,"north",33084
"452",47,96,84,79,96,88,97,70,58,100,100,95,100,86,87,92,100,"central",61331
"453",93,100,100,92,96,99,72,100,100,100,90,100,100,91,100,100,100,"central",56326
"454",3,0,18,0,0,1,0,0,0,0,1,0,0,0,0,0,0,"south",18151
"455",27,43,38,7,39,16,35,40,32,37,23,57,63,27,43,16,20,"south",25327
"456",74,81,81,58,65,57,45,55,31,73,49,81,81,100,69,91,27,"central",54346
"457",9,4,1,5,13,7,1,2,4,0,8,0,0,0,0,2,4,"north",38579
"458",52,15,34,33,42,32,9,38,38,45,37,17,40,43,48,47,36,"central",52824
"459",100,100,100,100,100,100,100,100,100,100,100,100,100,100,100,100,100,"south",40695
"460",79,99,85,93,90,87,87,96,79,83,88,84,92,86,78,95,81,"north",51368
"461",49,45,51,38,23,53,49,42,44,32,50,58,41,53,22,61,47,"north",27932
"462",100,100,92,100,84,90,100,100,100,100,91,100,96,100,81,100,98,"central",59998
"463",90,98,86,97,94,89,85,87,89,82,85,93,94,95,83,89,90,"north",46751
"464",100,100,100,100,100,100,100,100,100,100,100,100,100,99,100,100,100,"north",78697
"465",24,40,39,35,53,43,39,37,43,41,21,31,39,50,38,26,37,"north",28265
"466",42,56,49,69,48,59,38,48,38,39,47,55,40,48,36,42,42,"central",25085
"467",27,21,7,13,3,23,14,23,22,32,11,7,0,17,29,19,15,"north",19786
"468",21,8,24,0,11,1,8,0,0,12,8,0,2,22,0,13,5,"north",33403
"469",100,100,100,100,100,100,100,100,100,100,100,100,100,100,100,100,100,"south",84532
"470",39,62,27,67,45,48,53,44,19,36,51,35,62,57,43,29,29,"south",34924
"471",28,17,36,37,19,36,33,37,39,36,37,21,27,27,24,44,25,"central",38101
"472",12,8,0,0,9,4,0,5,15,16,25,14,10,0,33,24,0,"north",38642
"473",0,6,1,6,0,0,0,0,0,0,12,12,0,0,0,0,0,"central",27421
"474",0,0,0,0,0,0,0,0,0,0,0,0,0,0,0,0,0,"south",20088
"475",61,77,50,54,95,80,34,49,50,51,52,70,50,79,86,83,74,"central",39054
"476",100,100,100,100,100,100,100,100,100,100,100,100,100,100,100,100,100,"north",63471
"477",99,91,100,100,87,89,90,100,100,100,96,100,100,91,100,88,100,"north",43744
"478",36,19,29,28,19,24,46,22,24,25,29,28,24,13,37,41,28,"north",26921
"479",100,100,100,100,100,100,100,100,100,100,100,100,100,100,100,100,100,"north",51815
"480",80,76,79,75,80,88,66,72,81,79,72,71,85,78,76,90,72,"north",55166
"481",98,91,99,89,63,71,98,79,85,81,93,88,85,85,96,81,93,"south",60517
"482",100,100,100,100,100,100,100,100,100,100,100,100,100,100,100,100,100,"north",47754
"483",64,71,44,42,52,54,63,38,54,60,44,63,62,64,68,56,45,"north",59145
"484",0,0,0,0,0,0,0,0,0,1,0,0,0,0,0,4,0,"central",24073
"485",83,56,76,53,80,59,92,89,50,49,57,68,100,68,63,58,54,"north",43582
"486",100,100,100,100,100,100,100,100,100,100,100,100,100,100,100,100,100,"central",37429
"487",61,38,63,54,58,46,36,61,41,58,62,71,48,50,57,55,59,"south",46271
"488",31,57,35,38,24,49,11,49,69,31,51,47,49,43,51,56,44,"south",34576
"489",0,6,0,0,7,0,0,0,0,18,8,0,0,0,7,3,0,"south",24942
"490",93,71,48,75,100,58,53,65,64,75,58,61,80,79,73,70,58,"north",51371
"491",100,75,100,96,100,100,98,100,100,100,93,93,100,100,92,86,100,"central",74082
"492",100,100,100,100,100,100,100,100,100,100,100,100,100,100,100,100,100,"central",42035
"493",96,100,96,100,89,100,100,100,100,100,94,69,100,93,78,100,100,"north",40926
"494",100,100,100,100,100,100,100,100,100,100,100,100,100,100,100,100,100,"north",61074
"495",100,100,100,100,100,100,100,100,100,100,100,100,100,100,100,100,100,"central",51944
"496",61,69,65,75,75,70,86,49,54,77,61,31,68,72,41,71,86,"central",38249
"497",46,60,45,38,55,34,48,44,45,46,54,51,60,54,49,52,49,"south",31731
"498",76,80,78,73,74,73,78,65,80,71,76,73,60,78,63,75,80,"south",38963
"499",56,34,74,34,50,32,29,62,10,34,36,47,63,57,65,40,56,"north",28912
"500",32,43,32,32,35,65,48,31,32,56,44,49,24,34,33,47,44,"south",26490
"501",100,100,100,100,100,96,100,100,91,100,100,100,98,100,100,100,100,"central",51181
"502",73,67,64,86,81,70,58,80,62,69,73,72,73,64,71,56,73,"south",62216
"503",0,0,0,0,0,3,0,0,0,4,0,0,0,0,0,0,0,"north",36220
"504",91,100,76,100,100,100,98,100,100,64,100,100,100,100,100,83,100,"central",65376
"505",70,57,64,56,69,59,68,51,43,54,50,46,52,76,27,79,60,"central",33888
"506",0,0,0,0,0,0,0,4,0,0,10,0,0,7,0,5,0,"north",50685
"507",18,11,36,21,26,9,33,6,22,13,9,27,8,0,20,19,8,"north",43760
"508",12,41,66,50,65,57,34,41,50,43,56,26,62,19,39,38,47,"central",37976
"509",50,65,70,79,99,63,80,76,61,68,82,98,84,50,85,86,73,"south",53832
"510",81,80,77,83,85,78,71,85,82,85,77,76,80,81,86,76,84,"central",64931
"511",100,100,100,100,100,100,100,100,100,100,100,100,100,100,90,100,100,"south",63064
"512",83,89,86,86,96,89,81,88,85,85,94,81,89,80,89,92,78,"north",51691
"513",66,94,46,76,59,60,94,59,67,73,69,42,72,68,81,58,60,"north",21583
"514",17,50,0,52,31,46,11,38,19,28,41,11,36,31,18,69,22,"south",31171
"515",100,100,100,100,100,100,100,84,100,100,100,100,100,100,100,100,100,"central",60769
"516",40,43,39,8,37,40,39,49,49,54,50,33,31,51,52,62,58,"central",37582
"517",41,65,52,57,50,73,53,48,51,66,61,66,63,61,70,65,60,"central",54973
"518",70,68,69,75,85,69,70,57,64,68,67,67,74,69,72,78,72,"north",40529
"519",45,64,46,60,64,63,67,56,62,49,46,82,64,67,63,63,70,"central",37022
"520",95,100,100,100,100,88,100,100,100,100,100,100,100,100,67,100,82,"north",49068
"521",67,52,48,46,59,81,58,63,59,74,56,55,50,60,54,54,42,"north",65355
"522",89,66,61,61,44,57,82,47,69,66,94,57,68,37,44,67,61,"south",45460
"523",41,38,41,40,22,29,31,24,15,27,37,31,50,24,33,42,35,"central",33911
"524",24,31,29,67,45,35,23,58,22,19,52,34,37,51,29,47,25,"central",14662
"525",100,84,65,76,73,98,91,63,65,83,82,73,77,63,90,84,70,"south",60078
"526",7,0,0,1,0,0,0,3,0,0,0,0,0,0,3,0,0,"north",23016
"527",100,100,100,100,100,100,100,100,100,100,100,100,100,100,100,100,100,"north",51314
"528",65,71,71,36,60,72,74,36,56,34,62,64,70,68,63,63,66,"north",43930
"529",100,100,100,100,100,100,98,100,98,82,96,96,100,100,100,100,95,"south",47339
"530",34,30,16,32,31,31,26,17,22,26,16,35,45,24,31,24,25,"south",38590
"531",44,43,72,38,56,21,56,39,59,67,52,79,9,41,69,25,59,"central",39274
"532",100,100,100,100,96,100,100,100,100,100,100,91,100,100,100,100,100,"central",56207
"533",69,98,75,90,85,100,74,90,81,79,93,82,92,91,86,100,86,"central",45176
"534",14,10,2,0,23,0,0,8,4,0,27,0,8,15,12,13,22,"south",11166
"535",36,35,26,30,28,34,40,32,49,20,26,16,18,21,34,42,44,"central",25509
"536",48,25,55,50,54,36,21,42,45,7,40,34,13,52,33,17,36,"south",59042
"537",50,61,58,51,58,35,61,49,43,49,51,56,38,60,79,53,61,"south",33319
"538",88,97,100,75,95,100,100,93,94,100,95,87,86,100,79,96,86,"south",31745
"539",35,48,12,33,26,26,35,35,28,4,26,25,31,52,34,13,26,"north",45114
"540",31,35,41,28,44,38,32,31,35,44,37,45,28,30,38,28,26,"central",37509
"541",69,51,91,79,66,54,56,27,57,81,60,48,92,60,64,65,39,"north",54922
"542",73,46,41,48,79,37,47,57,61,50,81,70,58,71,83,63,70,"south",53256
"543",100,100,100,100,100,100,100,100,100,100,100,100,100,100,100,100,100,"north",57722
"544",44,35,49,55,29,44,37,32,53,23,59,51,33,36,45,34,39,"central",37798
"545",59,71,43,42,53,51,55,59,71,48,42,61,65,85,33,59,65,"central",32904
"546",100,100,100,100,100,100,100,100,100,100,100,100,100,100,100,100,100,"south",46393
"547",24,34,25,33,39,26,36,39,39,29,47,38,39,20,35,30,33,"north",24995
"548",75,77,88,45,82,80,44,68,98,88,85,81,65,90,58,79,52,"south",37708
"549",100,70,79,100,100,56,100,100,100,100,100,69,94,86,76,62,100,"central",53658
"550",0,0,0,0,0,0,0,0,0,0,3,0,3,0,11,0,0,"south",21072
"551",47,54,58,55,40,52,56,52,55,42,54,49,45,42,49,47,47,"central",24137
"552",63,54,76,48,22,74,62,52,37,57,50,59,47,80,44,77,39,"central",23739
"553",93,90,85,92,82,77,86,75,96,87,84,87,80,76,88,97,92,"north",49844
"554",44,38,59,40,45,51,74,62,54,91,45,55,65,31,65,33,81,"central",22404
"555",31,18,37,27,13,16,26,19,40,8,23,18,27,27,29,33,4,"south",27665
"556",56,41,51,59,52,36,74,38,43,59,53,50,50,66,60,42,55,"south",47443
"557",39,24,14,21,29,17,15,38,23,32,23,15,33,28,19,27,28,"central",41351
"558",76,59,59,59,58,44,58,73,68,56,47,61,49,61,69,70,59,"north",50147
"559",0,0,0,0,0,0,0,0,0,0,0,0,0,0,0,0,0,"south",25230
"560",32,21,44,37,48,53,23,0,48,13,20,58,26,24,8,37,66,"north",55868
"561",73,75,56,74,70,88,87,84,100,98,86,98,92,93,97,80,87,"south",42620
"562",0,0,0,0,0,0,0,0,0,0,0,0,0,0,0,0,0,"north",23777
"563",59,44,71,60,56,43,43,100,62,97,64,64,73,67,55,79,81,"south",49231
"564",52,48,47,60,41,50,59,64,44,66,65,58,58,43,45,58,60,"north",41601
"565",61,58,70,72,51,44,76,53,45,74,87,88,71,64,46,56,74,"north",48767
"566",53,90,100,56,61,70,49,69,79,44,65,28,7,52,32,69,50,"north",37992
"567",33,13,26,76,69,53,91,66,66,9,74,57,50,4,51,39,67,"central",54954
"568",99,100,100,100,100,100,100,100,100,100,100,100,100,100,90,90,100,"south",50244
"569",34,55,28,50,28,42,53,35,26,78,63,62,47,53,52,82,92,"south",47387
"570",17,26,10,22,17,22,12,25,19,22,22,33,25,18,18,26,33,"south",42594
"571",77,86,100,100,99,97,100,100,100,100,79,95,100,99,100,100,92,"north",56490
"572",0,0,0,0,0,0,0,5,0,8,5,1,2,0,0,0,0,"central",23284
"573",100,100,100,100,100,100,100,100,100,100,100,100,100,100,100,100,100,"central",51414
"574",84,68,71,68,85,92,93,85,69,79,79,86,76,79,94,92,97,"central",57869
"575",32,50,94,50,36,63,68,41,44,55,63,80,48,62,60,66,57,"north",32035
"576",12,18,11,8,16,10,0,27,11,0,20,7,13,9,11,11,19,"north",31790
"577",100,77,97,60,77,94,100,97,65,96,100,90,100,100,100,100,89,"north",43567
"578",76,52,42,69,55,49,63,67,62,68,49,49,72,61,59,51,65,"central",55734
"579",75,82,93,40,41,78,85,98,67,90,45,84,79,86,70,51,30,"north",15101
"580",31,65,45,32,11,23,20,26,37,39,22,28,48,47,32,37,46,"north",34363
"581",76,65,78,100,88,60,48,79,84,83,86,89,87,69,85,90,52,"north",67353
"582",0,0,0,0,0,0,0,0,0,0,0,0,0,0,0,0,0,"north",27827
"583",39,62,65,66,67,62,52,76,78,51,40,52,49,66,48,78,92,"south",32221
"584",100,100,100,100,100,100,100,100,100,100,100,100,100,100,100,100,100,"north",68201
"585",51,65,63,76,50,69,73,68,58,70,87,53,70,76,65,49,72,"central",53057
"586",20,29,0,0,0,23,6,24,25,56,0,21,15,18,20,0,17,"north",13405
"587",98,100,100,94,99,100,98,89,100,99,100,94,100,100,100,100,89,"north",57225
"588",95,93,84,89,92,95,94,100,86,98,90,89,89,90,85,98,93,"south",47348
"589",52,56,60,47,68,70,52,66,51,54,55,49,69,77,59,55,56,"north",43120
"590",78,84,81,80,78,92,81,75,92,93,80,81,88,89,81,63,78,"north",35693
"591",95,100,100,100,100,100,100,100,100,100,100,100,100,100,81,100,100,"north",55616
"592",55,57,100,73,41,90,73,73,64,53,57,72,100,66,100,47,78,"central",43568
"593",73,80,78,98,79,80,78,70,76,78,79,86,80,78,86,75,82,"north",58212
"594",42,75,13,73,60,69,75,63,39,46,31,36,48,40,48,34,42,"central",34413
"595",54,77,67,45,30,74,66,55,81,59,43,38,73,70,57,41,23,"south",20789
"596",89,62,76,59,50,19,66,61,65,67,51,88,65,70,72,71,61,"central",50003
"597",100,100,100,100,100,100,100,100,100,100,100,96,100,100,100,100,100,"south",56815
"598",92,100,100,100,100,100,100,98,90,100,82,100,100,100,97,89,85,"south",39408
"599",0,45,9,53,21,35,31,25,22,2,60,25,5,28,45,22,24,"south",27447
"600",100,100,100,100,100,100,100,100,100,100,100,100,100,100,100,100,100,"south",53660
"601",74,71,78,92,57,82,73,70,90,61,54,69,86,85,58,68,67,"central",62775
"602",100,100,100,100,100,100,100,100,100,100,100,100,100,100,100,100,100,"south",48968
"603",100,100,100,100,100,100,100,100,100,100,100,100,100,100,100,100,100,"central",32631
"604",100,100,100,100,100,100,100,100,100,100,100,100,100,100,100,100,100,"central",59301
"605",91,65,58,49,70,74,55,32,23,40,71,39,78,34,86,29,74,"central",18582
"606",0,0,0,6,0,20,8,2,6,31,38,0,2,7,0,19,15,"central",21463
"607",50,39,35,23,58,54,39,22,26,43,15,43,48,50,58,34,14,"north",45625
"608",64,58,42,43,47,58,32,31,38,56,32,52,40,45,37,30,45,"central",29122
"609",79,69,45,79,55,65,60,82,51,69,86,51,66,72,62,58,65,"south",32708
"610",43,44,55,46,76,58,68,81,59,57,49,68,76,62,46,68,68,"north",58869
"611",61,37,20,26,36,23,14,23,15,15,14,26,62,43,50,10,31,"central",39519
"612",66,46,49,45,31,74,72,76,59,0,34,28,21,64,27,63,34,"south",32564
"613",21,39,56,31,51,81,35,21,56,58,51,74,61,74,66,46,58,"north",67256
"614",64,34,13,50,55,24,53,26,38,29,39,39,42,78,49,42,30,"central",45468
"615",100,100,100,100,100,100,100,100,100,100,100,100,100,100,100,100,100,"south",61554
"616",33,35,44,47,23,30,32,38,32,39,33,31,45,44,38,38,42,"north",38256
"617",68,55,45,34,36,73,40,43,44,60,47,62,71,60,43,39,49,"north",37001
"618",84,39,53,59,45,30,50,36,80,63,31,55,47,60,39,46,34,"central",66671
"619",100,100,97,100,100,100,100,98,100,71,100,100,100,100,100,100,100,"south",50973
"620",56,28,40,25,36,20,33,0,49,42,26,53,49,34,8,35,18,"south",57295
"621",1,0,0,0,0,0,0,0,1,7,0,0,0,0,0,0,0,"south",28519
"622",30,44,88,63,34,36,48,44,37,36,47,31,41,34,37,52,24,"north",40210
"623",67,74,77,75,63,77,61,85,66,61,70,73,75,70,83,61,67,"north",33669
"624",87,99,88,86,86,84,100,50,89,81,97,76,82,70,84,99,87,"central",50042
"625",98,100,96,81,78,100,80,92,78,100,100,67,77,64,100,68,100,"central",53453
"626",15,0,3,31,7,5,33,0,0,25,0,32,15,32,8,17,24,"central",23603
"627",0,0,10,0,0,0,0,0,0,0,0,12,0,0,0,0,0,"central",23819
"628",15,4,0,1,4,8,0,0,15,12,2,8,0,13,30,0,0,"north",40230
"629",52,48,65,51,40,40,48,47,55,39,40,36,43,38,46,40,39,"central",35393
"630",89,85,94,96,72,100,100,100,100,100,100,100,95,93,100,100,100,"central",53978
"631",100,100,100,100,100,100,100,100,100,100,100,100,100,100,100,100,100,"south",51711
"632",32,35,64,0,39,22,54,24,36,53,67,3,67,33,51,30,37,"north",18979
"633",54,68,69,67,73,69,56,58,72,66,66,72,69,60,73,69,75,"south",42475
"634",31,20,24,25,27,30,26,27,24,22,15,30,28,25,22,24,37,"south",27825
"635",29,49,54,64,51,58,43,56,45,78,54,50,46,50,46,78,47,"south",35460
"636",1,16,0,14,17,0,4,3,13,18,4,16,9,13,12,4,0,"central",18290
"637",54,63,60,45,73,58,79,74,36,73,44,55,41,65,45,51,57,"central",31365
"638",50,41,83,93,65,54,82,63,53,80,55,61,92,99,90,45,57,"north",47506
"639",55,51,61,69,40,82,40,72,61,56,75,64,84,72,79,63,78,"north",72104
"640",0,0,0,0,0,0,0,0,0,1,5,0,0,0,1,0,0,"north",37879
"641",61,50,73,58,55,67,58,64,63,63,63,61,76,52,57,75,68,"south",52834
"642",27,16,19,17,32,21,39,29,26,20,27,18,34,28,20,28,22,"central",30923
"643",40,35,46,36,42,42,32,48,40,64,44,36,74,35,50,48,33,"north",35029
"644",0,32,0,21,0,4,20,34,13,23,19,11,29,8,33,22,26,"south",22678
"645",0,16,37,20,0,17,15,18,18,9,44,25,25,0,0,3,6,"north",41538
"646",3,23,31,43,32,0,16,9,27,29,1,15,1,30,37,41,21,"south",32780
"647",40,46,54,58,53,39,67,56,49,54,37,63,45,69,41,57,51,"south",56551
"648",43,40,47,44,59,44,21,51,48,44,44,43,29,30,21,41,57,"north",43897
"649",58,63,60,64,68,53,72,61,49,50,63,67,61,67,75,62,66,"central",45293
"650",100,84,100,100,100,99,100,99,100,100,100,100,100,93,100,82,88,"north",66438
"651",100,100,100,100,100,100,100,100,100,100,100,100,100,100,100,100,100,"south",46242
"652",13,26,12,17,15,13,4,16,15,15,5,8,30,12,0,11,2,"central",13614
"653",11,37,16,23,20,3,9,26,15,2,44,15,23,23,39,26,25,"south",26582
"654",100,100,100,100,100,100,100,96,96,100,100,88,88,100,100,100,100,"south",59248
"655",67,64,67,51,53,41,48,49,30,58,59,45,56,40,62,74,71,"north",50030
"656",100,100,100,100,100,100,100,100,100,100,100,100,100,100,100,100,100,"central",31530
"657",31,54,33,36,71,55,57,46,26,57,55,27,68,32,59,40,44,"south",31238
"658",7,41,39,9,26,47,52,43,21,59,22,54,24,59,34,65,39,"south",47235
"659",99,52,57,39,93,74,73,71,65,14,29,85,14,46,27,24,49,"central",35668
"660",87,80,92,87,82,96,100,92,92,84,91,80,89,97,82,91,93,"south",37745
"661",61,59,65,59,47,62,59,63,45,53,65,56,59,46,46,59,56,"central",47529
"662",100,100,100,100,100,100,100,100,100,100,100,100,100,100,100,100,100,"central",44810
"663",57,57,51,44,79,50,57,65,39,65,67,56,77,63,74,76,89,"north",61141
"664",100,100,100,100,100,100,100,100,100,100,100,100,100,100,100,100,100,"south",47903
"665",66,55,61,66,58,69,50,57,62,64,58,69,60,76,71,75,54,"south",27667
"666",4,10,11,0,15,0,0,3,10,4,0,15,8,0,3,10,4,"south",24200
"667",98,100,100,100,100,91,94,100,100,100,100,100,100,100,100,100,100,"south",43201
"668",30,0,0,7,12,10,4,0,7,0,0,0,7,19,14,0,0,"south",48903
"669",64,85,81,100,81,91,91,93,87,86,82,80,85,83,100,86,81,"north",47435
"670",82,60,81,82,73,95,61,83,74,99,73,59,74,79,74,72,71,"north",64872
"671",100,100,100,100,98,100,100,100,95,100,84,100,100,100,100,100,97,"north",33296
"672",50,78,83,64,84,32,17,26,44,30,57,68,73,27,30,60,80,"south",57775
"673",72,100,85,66,89,74,71,67,85,82,82,76,78,91,77,96,60,"south",36253
"674",51,61,28,39,48,72,73,68,41,67,41,67,83,45,39,70,61,"south",53081
"675",75,73,100,81,99,94,81,76,100,93,86,76,100,72,87,98,87,"north",65600
"676",83,83,90,85,95,99,88,97,80,78,92,93,77,86,100,100,95,"north",64579
"677",0,0,0,0,0,0,0,0,0,0,0,0,0,0,0,0,0,"south",23315
"678",83,81,60,75,89,80,75,70,75,78,69,83,56,71,87,65,69,"central",48833
"679",42,42,48,36,46,33,38,32,33,45,39,35,32,33,37,27,40,"central",30090
"680",100,100,97,100,100,100,100,100,100,100,100,100,100,100,100,100,100,"north",47593
"681",50,75,60,80,69,62,68,71,72,86,64,47,90,70,71,89,75,"north",61699
"682",0,0,16,0,0,0,0,0,0,0,0,0,0,0,5,11,0,"central",26901
"683",48,30,2,23,27,28,39,24,11,12,45,30,22,16,14,28,36,"central",42181
"684",40,44,47,36,57,37,35,43,25,46,43,44,48,31,50,46,53,"central",39627
"685",0,15,5,37,23,43,13,10,45,2,12,14,26,0,13,0,15,"north",45532
"686",66,28,30,43,60,43,29,44,35,40,42,51,29,32,35,37,26,"north",40118
"687",40,44,77,26,62,58,49,55,53,48,62,38,33,67,58,26,62,"north",42286
"688",100,100,100,100,100,100,100,100,100,100,100,100,100,100,100,100,100,"central",65262
"689",28,45,40,17,43,35,37,22,42,46,30,31,36,34,25,30,17,"north",26931
"690",0,0,1,10,1,18,0,6,11,0,0,2,0,0,0,0,7,"north",10847.0765161328
"691",74,59,100,77,62,63,80,51,84,86,83,58,68,100,36,64,62,"central",58021
"692",24,10,8,4,9,9,0,6,7,6,9,22,13,13,18,0,4,"central",19620
"693",60,42,43,41,48,52,44,52,54,49,47,59,50,42,50,48,41,"north",43484
"694",63,67,60,17,57,63,50,40,66,63,59,55,29,29,47,84,81,"south",54305
"695",87,93,56,70,73,67,45,89,37,64,92,76,89,80,76,70,65,"north",31130
"696",100,77,94,100,100,100,100,96,56,77,100,97,73,100,82,100,69,"south",36553
"697",8,11,11,0,17,33,16,19,26,13,0,22,6,0,12,0,24,"north",40039
"698",19,25,23,23,30,7,18,27,26,15,20,24,33,32,38,20,50,"south",32126
"699",36,57,45,80,70,60,49,65,70,69,60,61,64,56,90,50,43,"south",43579
"700",76,67,86,78,94,78,92,82,79,100,100,88,83,67,93,87,93,"north",47423
"701",48,45,50,89,41,77,70,69,43,43,30,67,53,34,92,50,74,"north",46539
"702",0,0,0,0,0,0,0,0,0,0,0,0,0,0,0,0,0,"south",49115
"703",70,91,77,87,87,82,76,83,93,85,100,87,100,83,58,100,82,"north",57690
"704",78,97,79,100,73,66,41,71,100,94,91,74,72,94,97,100,87,"north",43546
"705",63,58,60,70,66,66,80,68,78,69,78,64,57,65,67,63,58,"central",53862
"706",100,100,100,100,100,100,100,100,100,100,100,100,100,100,100,100,100,"central",55993
"707",62,50,65,71,76,66,65,64,76,59,80,69,79,47,62,59,57,"north",68079
"708",51,60,58,43,48,51,54,50,48,46,53,60,48,56,46,53,54,"north",40570
"709",32,35,33,46,42,31,22,38,24,42,22,49,42,38,20,32,42,"central",34834
"710",59,71,57,65,69,65,61,63,62,40,72,48,69,62,65,75,75,"central",39228
"711",100,100,100,100,100,100,100,100,100,100,100,100,100,100,100,100,100,"north",55408
"712",0,0,0,0,0,0,0,0,0,0,0,0,0,0,0,0,0,"central",33120
"713",66,91,69,84,78,79,75,97,86,63,57,97,93,82,73,100,99,"central",50829
"714",71,91,100,100,82,76,67,87,70,72,72,90,100,86,79,77,91,"central",39948
"715",92,100,70,100,84,87,87,99,64,100,61,91,95,74,80,89,71,"north",34150
"716",88,90,78,96,83,79,80,88,82,77,80,85,79,84,84,86,75,"south",59227
"717",0,3,0,0,0,0,0,0,0,0,2,0,0,0,0,0,0,"central",22448
"718",100,100,100,100,100,100,100,100,100,100,100,100,100,100,100,100,100,"central",68919
"719",66,72,66,95,75,94,61,71,73,63,55,71,79,72,90,65,100,"central",48654
"720",100,100,100,100,100,100,100,100,100,100,100,100,100,100,100,100,100,"south",53087
"721",93,85,72,90,87,83,83,78,73,76,90,80,84,66,91,66,92,"central",61423
"722",100,94,100,100,100,83,100,98,100,100,100,100,100,90,86,100,100,"north",35755
"723",70,32,76,52,42,41,45,38,64,61,77,56,64,72,43,70,60,"central",59499
"724",35,27,20,22,42,38,31,41,29,17,42,31,73,45,36,45,23,"north",46073
"725",3,22,31,19,28,3,40,52,46,64,16,10,28,59,70,34,42,"south",40487
"726",62,23,43,51,36,48,18,47,36,37,50,37,37,30,48,31,30,"south",43182
"727",0,0,0,33,0,23,0,0,2,14,15,24,32,2,7,2,4,"north",36253
"728",69,62,82,52,57,62,49,55,8,73,55,29,51,72,24,91,47,"central",13287
"729",56,73,31,58,72,44,64,72,47,35,27,46,64,40,23,66,53,"south",33654
"730",58,50,47,58,56,54,57,44,53,65,46,58,61,51,51,54,59,"central",49462
"731",51,23,49,12,69,62,24,45,66,72,32,83,57,60,24,48,74,"north",33838
"732",15,43,56,27,31,43,48,47,39,47,20,29,41,45,32,33,9,"south",19315
"733",55,72,66,68,57,50,65,71,66,92,61,54,78,70,75,57,54,"north",51007
"734",84,80,72,72,92,65,43,54,59,76,70,91,64,67,81,58,80,"central",37678
"735",73,66,78,68,69,75,74,66,65,67,71,76,63,55,60,74,65,"north",49723
"736",9,13,21,22,18,22,9,18,12,6,1,14,6,5,7,11,19,"south",45720
"737",81,80,60,79,75,72,84,77,73,64,72,80,75,66,68,73,77,"north",56241
"738",100,85,87,95,100,100,87,70,47,79,87,76,84,84,85,98,97,"north",28924
"739",100,100,100,100,100,100,100,100,100,100,100,100,90,100,93,100,100,"north",70304
"740",100,100,100,100,100,100,97,100,83,100,96,93,100,100,100,98,100,"north",41777
"741",100,100,98,97,87,98,94,100,89,100,84,100,100,97,100,100,100,"north",48764
"742",58,51,87,90,79,91,80,77,65,69,70,90,75,87,66,63,96,"central",51857
"743",13,15,9,38,0,10,37,0,12,30,29,13,2,23,0,0,1,"central",14482
"744",17,22,32,31,24,22,31,29,15,22,27,22,11,28,27,21,33,"south",35007
"745",100,100,100,100,100,100,100,100,100,100,100,100,100,100,100,100,100,"central",58589
"746",80,93,100,80,94,79,89,93,100,100,94,83,100,85,96,99,92,"central",52290
"747",76,85,64,62,57,82,75,43,73,66,84,63,94,68,73,44,43,"south",56775
"748",94,100,100,90,100,100,56,69,100,61,88,100,71,100,76,83,80,"south",70061
"749",44,56,49,55,50,65,74,61,63,67,78,57,65,72,57,52,90,"north",50817
"750",62,62,57,82,68,67,79,62,69,69,76,70,77,65,67,75,74,"north",46580
"751",70,84,86,73,85,75,65,76,82,76,71,67,82,68,74,82,72,"north",57859
"752",1,33,23,21,14,16,18,46,31,7,15,33,5,17,26,24,7,"south",32603
"753",100,100,100,100,100,100,100,100,100,100,100,100,100,100,100,100,100,"central",77683
"754",100,82,74,99,100,100,94,100,100,74,100,100,81,73,86,100,82,"central",66888
"755",61,98,68,91,59,70,71,87,63,100,83,43,73,56,59,75,65,"central",25915
"756",100,100,100,100,100,100,100,100,100,100,100,100,100,100,100,100,89,"north",56143
"757",100,100,100,100,100,100,100,100,100,100,100,100,100,100,100,100,100,"north",65213
"758",47,60,69,51,62,41,55,44,42,58,63,51,55,46,57,31,50,"south",49760
"759",44,32,30,25,53,22,30,33,27,30,41,5,37,14,29,38,11,"north",34742
"760",83,88,90,82,92,85,88,83,92,85,78,76,78,84,93,82,100,"central",48322
"761",91,97,99,100,100,96,94,100,93,78,86,100,86,66,74,100,100,"north",47993
"762",11,43,36,47,49,35,4,37,45,68,59,54,63,45,51,43,52,"north",55024
"763",40,36,18,37,35,40,34,40,33,27,40,37,44,24,49,34,28,"central",38866
"764",34,40,65,30,63,55,37,19,58,24,34,57,11,30,33,54,70,"south",62041
"765",100,100,100,100,100,100,100,100,100,100,100,100,100,100,100,100,100,"central",54841
"766",0,0,0,0,0,0,0,0,0,0,0,0,0,0,0,0,0,"north",11925
"767",0,0,0,3,40,47,16,30,13,21,0,43,4,9,0,0,50,"central",41988
"768",100,90,92,90,91,100,100,96,86,100,85,81,96,84,81,98,100,"south",74226
"769",0,7,0,0,0,0,0,0,0,7,1,1,0,0,6,12,8,"north",23830
"770",57,71,69,69,54,59,66,65,65,64,66,59,65,63,70,57,69,"south",37996
"771",81,71,73,72,66,77,67,60,64,73,74,71,74,68,78,64,89,"south",42659
"772",100,100,100,100,100,100,100,100,100,100,100,100,99,100,100,100,100,"south",56664
"773",100,100,100,100,100,100,100,100,100,100,100,100,100,100,100,100,100,"central",47180
"774",68,74,41,32,73,39,30,42,73,64,51,33,65,53,58,54,48,"south",50024
"775",95,87,100,100,97,100,74,100,100,100,100,100,100,88,100,100,100,"south",46621
"776",45,41,31,42,39,36,25,36,29,29,35,46,43,19,22,34,34,"south",22771
"777",89,86,100,100,100,100,100,100,98,100,100,100,100,100,100,100,100,"central",50001
"778",100,100,100,100,100,100,100,100,100,100,100,100,100,100,100,100,100,"north",64065
"779",18,54,27,9,0,13,35,29,42,0,5,8,0,48,19,26,32,"south",22078
"780",13,25,27,23,14,29,19,17,18,18,30,22,26,23,11,26,13,"central",21323
"781",53,72,100,77,86,100,79,76,79,92,53,60,62,88,47,73,86,"central",41507
"782",92,95,100,98,97,100,94,93,93,84,100,92,83,96,93,91,100,"south",55194
"783",16,15,13,17,7,12,6,18,15,13,17,9,21,2,21,23,14,"south",16979
"784",80,80,69,88,81,89,93,78,87,79,87,86,86,93,83,89,93,"central",39186
"785",62,69,67,72,68,62,75,68,67,76,78,67,68,67,74,64,66,"south",61514
"786",33,27,52,20,49,30,22,24,33,9,18,36,40,22,17,27,57,"central",48870
"787",29,56,42,28,19,49,43,61,42,0,41,18,40,40,25,32,46,"central",10290
"788",0,0,0,0,0,0,0,0,0,0,0,0,0,0,0,0,0,"south",32471
"789",0,37,0,8,11,0,0,19,1,5,0,0,0,25,0,10,0,"south",35014
"790",49,79,81,46,53,54,52,86,48,62,56,68,41,65,55,58,61,"north",35305
"791",27,69,52,89,66,89,54,65,84,89,67,86,56,42,81,90,84,"south",57190
"792",36,39,45,52,34,51,41,63,59,39,58,49,52,46,44,47,41,"north",54111
"793",100,100,100,100,100,100,83,100,100,100,100,100,98,100,100,100,100,"south",71796
"794",48,81,67,61,62,36,31,71,37,71,69,47,66,56,67,88,49,"north",29684
"795",37,26,27,30,36,24,29,23,41,33,29,28,29,36,30,32,24,"south",20719
"796",0,0,0,0,17,20,0,0,25,22,24,0,1,9,0,59,11,"north",38372
"797",60,41,46,38,70,55,61,31,36,66,21,46,32,36,24,49,44,"north",31854
"798",64,83,72,73,74,67,55,57,64,61,41,56,94,80,50,54,84,"central",49722
"799",86,90,81,100,100,100,98,76,100,93,82,100,100,100,82,94,93,"central",50493
"800",66,85,79,65,78,66,73,74,62,66,77,76,65,63,70,73,74,"north",44079
"801",71,82,85,65,86,73,93,64,97,87,85,92,85,89,82,81,72,"north",48677
"802",21,34,43,36,45,27,20,55,61,28,14,22,40,39,47,34,54,"central",48392
"803",91,68,48,84,87,31,66,58,55,68,82,0,84,58,84,84,74,"north",44902
"804",85,85,77,85,86,66,86,99,80,81,78,80,67,67,78,80,62,"north",42869
"805",36,34,36,46,41,45,70,52,40,48,50,50,43,31,47,39,48,"central",43634
"806",54,31,64,74,53,50,49,56,26,53,51,36,53,47,72,66,45,"central",40250
"807",100,100,100,100,100,100,100,100,100,100,100,100,100,100,100,100,100,"south",69027
"808",75,78,69,74,81,71,68,88,83,85,81,72,79,72,70,66,79,"central",65498
"809",18,20,15,5,31,15,22,24,16,26,28,15,24,27,19,22,21,"south",23001
"810",66,71,63,76,65,73,90,78,70,76,68,64,67,69,64,86,71,"north",52445
"811",0,13,0,6,31,32,36,30,23,11,15,32,22,0,17,18,26,"central",38088
"812",93,81,95,76,94,100,88,100,100,95,100,100,100,93,98,96,100,"north",63696
"813",86,77,84,91,90,97,100,100,91,78,100,83,82,82,98,100,73,"central",67729
"814",0,0,0,0,8,0,0,24,30,0,0,6,0,0,0,0,0,"central",26486
"815",80,66,80,68,78,85,70,69,89,80,76,70,77,80,71,68,69,"south",60232
"816",100,100,100,100,100,84,100,100,100,100,97,100,100,100,100,100,100,"south",46595
"817",59,71,74,77,66,65,74,77,72,64,71,86,81,70,77,83,60,"central",49389
"818",4,6,9,17,2,23,32,16,0,0,21,0,5,2,32,0,31,"north",35375
"819",0,18,15,8,13,3,0,24,15,0,1,13,31,0,5,0,4,"south",39526
"820",55,31,13,35,35,31,20,29,32,35,30,28,24,34,35,21,22,"central",34602
"821",100,92,90,99,90,97,95,88,96,94,100,97,99,100,96,100,100,"north",66024
"822",96,82,100,86,89,100,99,94,90,100,92,94,84,87,100,100,91,"south",56633
"823",32,28,14,62,30,33,51,31,21,57,37,57,32,25,5,39,51,"central",44617
"824",26,30,37,30,39,30,21,39,37,14,38,21,25,10,6,42,25,"central",41697
"825",100,94,78,61,84,80,74,92,100,79,84,63,97,59,99,91,87,"central",42068
"826",43,69,75,73,90,62,46,57,58,70,51,37,63,59,60,57,75,"north",20112
